CodeID,IT,Distance
Code_151,8,8.324426408004218
Code_192,5,2.1233911067827616
Code_114,4,1.8182496720710062
Code_171,8,1.8340450985343382
Code_160,8,3.0424224295953772
Code_120,3,5.247564316322379
Code_182,6,4.319450186421157
Code_186,5,2.9122914019804194
Code_174,2,6.118528947223795